Index,Flow.ID,Source.IP,Source.Port,Destination.IP,Destination.Port,Protocol,Timestamp,Flow.Duration,Total.Fwd.Packets,Total.Backward.Packets,Total.Length.of.Fwd.Packets,Total.Length.of.Bwd.Packets,Fwd.Packet.Length.Max,Fwd.Packet.Length.Min,Fwd.Packet.Length.Mean,Fwd.Packet.Length.Std,Bwd.Packet.Length.Max,Bwd.Packet.Length.Min,Bwd.Packet.Length.Mean,Bwd.Packet.Length.Std,Flow.Bytes.s,Flow.Packets.s,Flow.IAT.Mean,Flow.IAT.Std,Flow.IAT.Max,Flow.IAT.Min,Fwd.IAT.Total,Fwd.IAT.Mean,Fwd.IAT.Std,Fwd.IAT.Max,Fwd.IAT.Min,Bwd.IAT.Total,Bwd.IAT.Mean,Bwd.IAT.Std,Bwd.IAT.Max,Bwd.IAT.Min,Fwd.PSH.Flags,Bwd.PSH.Flags,Fwd.URG.Flags,Bwd.URG.Flags,Fwd.Header.Length,Bwd.Header.Length,Fwd.Packets.s,Bwd.Packets.s,Min.Packet.Length,Max.Packet.Length,Packet.Length.Mean,Packet.Length.Std,Packet.Length.Variance,FIN.Flag.Count,SYN.Flag.Count,RST.Flag.Count,PSH.Flag.Count,ACK.Flag.Count,URG.Flag.Count,CWE.Flag.Count,ECE.Flag.Count,Down.Up.Ratio,Average.Packet.Size,Avg.Fwd.Segment.Size,Avg.Bwd.Segment.Size,Fwd.Header.Length.1,Fwd.Avg.Bytes.Bulk,Fwd.Avg.Packets.Bulk,Fwd.Avg.Bulk.Rate,Bwd.Avg.Bytes.Bulk,Bwd.Avg.Packets.Bulk,Bwd.Avg.Bulk.Rate,Subflow.Fwd.Packets,Subflow.Fwd.Bytes,Subflow.Bwd.Packets,Subflow.Bwd.Bytes,Init_Win_bytes_forward,Init_Win_bytes_backward,act_data_pkt_fwd,min_seg_size_forward,Active.Mean,Active.Std,Active.Max,Active.Min,Idle.Mean,Idle.Std,Idle.Max,Idle.Min,Label,L7Protocol,ProtocolName
0,172.19.1.46-10.200.7.7-52422-3128-6,172.19.1.46,52422,10.200.7.7,3128,6,26/04/201711:11:17,45523,22,55,132,110414.0,6,6,6.0,0.0,4380,1187,2007.52727272727,768.481688606766,2428354.89752433,1691.45267227555,598.986842105263,816.061345625782,3880.0,1,45523.0,2167.76190476191,1319.3845119889,5988.0,698.0,41178.0,762.555555555556,1230.34821987044,5133.0,1.0,0,0,0,0,440,1100,483.272192078729,1208.1804801968199,6,4380,1417.33333333333,1121.57919356855,1257939.88744589,0,0,0,0,1,0,0,0,2,1435.74025974026,6.0,2007.52727272727,440,0,0,0,0,0,0,22,132,55,110414,256,490,21,20,0.0,0.0,0.0,0.0,0.0,0.0,0.0,0.0,BENIGN,131,HTTP_PROXY
1,172.19.1.46-10.200.7.7-52422-3128-6,10.200.7.7,3128,172.19.1.46,52422,6,26/04/201711:11:17,1,2,0,12,0.0,6,6,6.0,0.0,0,0,0.0,0.0,12000000.0,2000000.0,1.0,0.0,1.0,1,1.0,1.0,0.0,1.0,1.0,0.0,0.0,0.0,0.0,0.0,0,0,0,0,40,0,2000000.0,0.0,6,6,6.0,0.0,0.0,0,0,0,0,1,1,0,0,0,9.0,6.0,0.0,40,0,0,0,0,0,0,2,12,0,0,490,-1,1,20,0.0,0.0,0.0,0.0,0.0,0.0,0.0,0.0,BENIGN,131,HTTP_PROXY
2,10.200.7.217-50.31.185.39-38848-80-6,50.31.185.39,80,10.200.7.217,38848,6,26/04/201711:11:17,1,3,0,674,0.0,337,0,224.666666666667,194.567040716904,0,0,0.0,0.0,674000000.0,3000000.0,0.5,0.707106781186548,1.0,0,1.0,0.5,0.707106781186548,1.0,0.0,0.0,0.0,0.0,0.0,0.0,1,0,0,0,96,0,3000000.0,0.0,0,337,252.75,168.5,28392.25,0,1,0,0,1,0,0,0,0,337.0,224.666666666667,0.0,96,0,0,0,0,0,0,3,674,0,0,888,-1,1,32,0.0,0.0,0.0,0.0,0.0,0.0,0.0,0.0,BENIGN,7,HTTP
3,10.200.7.217-50.31.185.39-38848-80-6,50.31.185.39,80,10.200.7.217,38848,6,26/04/201711:11:17,217,1,3,0,0.0,0,0,0.0,0.0,0,0,0.0,0.0,0.0,18433.1797235023,72.3333333333333,62.6604606856136,110.0,0,0.0,0.0,0.0,0.0,0.0,107.0,53.5,75.6604255869606,107.0,0.0,0,0,0,0,32,96,4608.29493087558,13824.884792626699,0,0,0.0,0.0,0.0,0,0,0,0,1,1,0,0,3,0.0,0.0,0.0,32,0,0,0,0,0,0,1,0,3,0,888,490,0,32,0.0,0.0,0.0,0.0,0.0,0.0,0.0,0.0,BENIGN,7,HTTP
4,192.168.72.43-10.200.7.7-55961-3128-6,192.168.72.43,55961,10.200.7.7,3128,6,26/04/201711:11:17,78068,5,0,1076,0.0,529,6,215.2,286.458897575202,0,0,0.0,0.0,13782.855971717,64.0467284931086,19517.0,25758.5023503567,54313.0,0,78068.0,19517.0,25758.5023503567,54313.0,0.0,0.0,0.0,0.0,0.0,0.0,1,0,0,0,100,0,64.0467284931086,0.0,6,529,267.5,286.458897575202,82058.7,0,1,0,0,1,0,0,0,0,321.0,215.2,0.0,100,0,0,0,0,0,0,5,1076,0,0,253,-1,4,20,0.0,0.0,0.0,0.0,0.0,0.0,0.0,0.0,BENIGN,131,HTTP_PROXY
5,172.19.1.56-10.200.7.6-50004-3128-6,10.200.7.6,3128,172.19.1.56,50004,6,26/04/201711:11:17,105069,136,0,313554,0.0,5840,6,2305.5441176470604,1220.82240567061,0,0,0.0,0.0,2984267.48136939,1294.38749773958,778.288888888889,4540.4243668236295,51842.0,0,105069.0,778.288888888889,4540.4243668236295,51842.0,0.0,0.0,0.0,0.0,0.0,0.0,0,0,0,0,2720,0,1294.38749773958,0.0,6,5840,2299.3722627737197,1218.46913962767,1484667.04422499,0,0,0,0,1,0,0,0,0,2316.27941176471,2305.5441176470604,0.0,2720,0,0,0,0,0,0,136,313554,0,0,254,-1,135,20,0.0,0.0,0.0,0.0,0.0,0.0,0.0,0.0,BENIGN,131,HTTP_PROXY
6,192.168.72.43-10.200.7.7-55963-3128-6,192.168.72.43,55963,10.200.7.7,3128,6,26/04/201711:11:17,104443,5,0,1076,0.0,529,6,215.2,286.458897575202,0,0,0.0,0.0,10302.2701377785,47.8730024989707,26110.75,31559.206151560098,63644.0,0,104443.0,26110.75,31559.206151560098,63644.0,0.0,0.0,0.0,0.0,0.0,0.0,1,0,0,0,100,0,47.8730024989707,0.0,6,529,267.5,286.458897575202,82058.7,0,1,0,0,1,0,0,0,0,321.0,215.2,0.0,100,0,0,0,0,0,0,5,1076,0,0,253,-1,4,20,0.0,0.0,0.0,0.0,0.0,0.0,0.0,0.0,BENIGN,131,HTTP_PROXY
7,192.168.10.47-10.200.7.6-51848-3128-6,192.168.10.47,51848,10.200.7.6,3128,6,26/04/201711:11:17,11002,3,12,232,3664.0,226,0,77.3333333333333,128.784056984292,3628,0,305.33333333333303,1046.3728983609199,354117.433193965,1363.38847482276,785.8571428571429,2099.11841778117,7865.0,0,10012.0,5006.0,4043.23657482468,7865.0,2147.0,10788.0,980.727272727273,2880.8649080062396,9625.0,0.0,0,0,0,0,72,300,272.677694964552,1090.71077985821,0,3628,243.5,904.250555248194,817669.066666667,0,0,0,1,0,0,0,0,4,259.733333333333,77.3333333333333,305.33333333333303,72,0,0,0,0,0,0,3,232,12,3664,8192,245,2,20,0.0,0.0,0.0,0.0,0.0,0.0,0.0,0.0,BENIGN,130,HTTP_CONNECT
8,10.200.7.217-68.67.178.197-57300-443-6,68.67.178.197,443,10.200.7.217,57300,6,26/04/201711:11:17,108503,10,6,6904,1302.0,1448,0,690.4,660.894209049796,1302,0,217.0,531.5392741839499,75629.2452743242,147.461360515377,7233.53333333333,22428.903794201,87416.0,0,98566.0,10951.777777777801,32194.056119794,96790.0,0.0,99128.0,19825.6,39101.3113373452,89362.0,0.0,1,0,0,0,320,216,92.1633503221109,55.2980101932665,0,1448,497.882352941176,624.762142974522,390327.73529411794,0,1,0,0,1,0,0,0,0,529.0,690.4,217.0,320,0,0,0,0,0,0,10,6904,6,1302,60,1000,7,32,0.0,0.0,0.0,0.0,0.0,0.0,0.0,0.0,BENIGN,91,SSL
9,192.168.72.43-10.200.7.7-55977-3128-6,192.168.72.43,55977,10.200.7.7,3128,6,26/04/201711:11:17,118415,7,0,2210,0.0,1096,0,315.714285714286,533.043373559074,0,0,0.0,0.0,18663.1761178905,59.1141325001056,19735.8333333333,46768.324525972304,115185.0,1,118415.0,19735.8333333333,46768.324525972304,115185.0,1.0,0.0,0.0,0.0,0.0,0.0,0,0,0,0,164,0,59.1141325001056,0.0,0,1096,276.25,505.968307872567,256003.928571429,0,0,0,1,0,0,0,0,0,315.714285714286,315.714285714286,0.0,164,0,0,0,0,0,0,7,2210,0,0,8192,-1,5,20,0.0,0.0,0.0,0.0,0.0,0.0,0.0,0.0,BENIGN,126,GOOGLE
10,192.168.180.51-10.200.7.4-57740-3128-6,10.200.7.4,3128,192.168.180.51,57740,6,26/04/201711:11:17,205118,32,4,6494,3118.0,1460,6,202.9375,464.03531133017304,1460,51,779.5,735.079360794919,46860.83132635849,175.508731559395,5860.51428571428,23425.8490955051,103196.0,0,205118.0,6616.709677419361,24836.1800769141,103196.0,0.0,99727.0,33242.3333333333,55644.7503933061,97490.0,400.0,1,0,0,0,640,80,156.007761386129,19.5009701732661,6,1460,260.837837837838,514.477864414955,264687.472972973,0,1,0,0,1,0,0,0,0,268.08333333333303,202.9375,779.5,640,0,0,0,0,0,0,32,6494,4,3118,245,255,31,20,0.0,0.0,0.0,0.0,0.0,0.0,0.0,0.0,BENIGN,131,HTTP_PROXY
11,192.168.180.51-10.200.7.4-57740-3128-6,10.200.7.4,3128,192.168.180.51,57740,6,26/04/201711:11:17,3,5,0,9991,0.0,2920,6,1998.2,1267.83721352546,0,0,0.0,0.0,3330333333.33333,1666666.66666667,0.75,0.5,1.0,0,3.0,0.75,0.5,1.0,0.0,0.0,0.0,0.0,0.0,0.0,0,0,0,0,100,0,1666666.66666667,0.0,6,2920,1908.5,1155.07813588519,1334205.5,0,0,0,0,1,0,0,0,0,2290.2,1998.2,0.0,100,0,0,0,0,0,0,5,9991,0,0,353,-1,4,20,0.0,0.0,0.0,0.0,0.0,0.0,0.0,0.0,BENIGN,131,HTTP_PROXY
12,192.168.180.51-10.200.7.4-57740-3128-6,10.200.7.4,3128,192.168.180.51,57740,6,26/04/201711:11:17,131,3,0,5611,0.0,4145,6,1870.33333333333,2099.78816391876,0,0,0.0,0.0,42832061.068702295,22900.7633587786,65.5,91.2167747730646,130.0,1,131.0,65.5,91.2167747730646,130.0,1.0,0.0,0.0,0.0,0.0,0.0,0,0,0,0,60,0,22900.7633587786,0.0,6,4145,1767.75,1726.70213123167,2981500.25,0,0,0,0,1,0,0,0,0,2357.0,1870.33333333333,0.0,60,0,0,0,0,0,0,3,5611,0,0,353,-1,2,20,0.0,0.0,0.0,0.0,0.0,0.0,0.0,0.0,BENIGN,131,HTTP_PROXY
13,192.168.180.51-10.200.7.4-57740-3128-6,10.200.7.4,3128,192.168.180.51,57740,6,26/04/201711:11:17,6,3,0,5611,0.0,4380,6,1870.33333333333,2257.27940967292,0,0,0.0,0.0,935166666.666667,500000.0,3.0,4.242640687119279,6.0,0,6.0,3.0,4.242640687119279,6.0,0.0,0.0,0.0,0.0,0.0,0.0,0,0,0,0,60,0,500000.0,0.0,6,4380,2497.75,2229.68164767978,4971480.25,0,0,0,0,1,0,0,0,0,3330.3333333333303,1870.33333333333,0.0,60,0,0,0,0,0,0,3,5611,0,0,353,-1,2,20,0.0,0.0,0.0,0.0,0.0,0.0,0.0,0.0,BENIGN,131,HTTP_PROXY
14,172.19.1.45-10.200.7.6-50227-3128-6,10.200.7.6,3128,172.19.1.45,50227,6,26/04/201711:11:17,108338,123,0,192822,0.0,5840,0,1567.6585365853698,959.865229861048,0,0,0.0,0.0,1779818.71550149,1135.33570861563,888.016393442623,5028.1301537156205,53525.0,0,108338.0,888.016393442623,5028.1301537156205,53525.0,0.0,0.0,0.0,0.0,0.0,0.0,0,0,0,0,2508,0,1135.33570861563,0.0,0,5840,1555.0161290322599,966.265832095043,933669.658274325,0,0,0,1,1,0,0,0,0,1567.6585365853698,1567.6585365853698,0.0,2508,0,0,0,0,0,0,123,192822,0,0,14600,-1,119,20,0.0,0.0,0.0,0.0,0.0,0.0,0.0,0.0,BENIGN,131,HTTP_PROXY
15,212.124.124.94-10.200.7.194-443-44447-6,212.124.124.94,443,10.200.7.194,44447,6,26/04/201711:11:17,202096,4,6,174,3130.0,137,0,43.5,63.7625804580294,1460,6,521.666666666667,695.523016633286,16348.6659805241,49.481434565750895,22455.1111111111,43251.0804675572,99333.0,1,202096.0,67365.3333333333,58342.7070021038,101685.0,1.0,102562.0,20512.4,43442.8943246188,98215.0,104.0,0,0,0,0,92,120,19.792573826300398,29.688860739450604,0,1460,300.36363636363603,554.882198800299,307894.254545455,0,0,0,1,1,0,0,0,1,330.4,43.5,521.666666666667,92,0,0,0,0,0,0,4,174,6,3130,14600,245,3,20,0.0,0.0,0.0,0.0,0.0,0.0,0.0,0.0,BENIGN,91,SSL
16,192.168.180.51-10.200.7.4-57741-3128-6,10.200.7.4,3128,192.168.180.51,57741,6,26/04/201711:11:17,202151,31,4,1861,3118.0,992,6,60.03225806451611,178.491920241219,1460,51,779.5,735.079360794919,24630.1032396575,173.13790186543702,5945.617647058821,23551.065703243,99331.0,0,202151.0,6738.3666666666695,25013.0975587113,99331.0,0.0,100509.0,33503.0,57050.4119792311,99377.0,106.0,1,0,0,0,620,80,153.350713080816,19.7871887846214,6,1460,139.388888888889,355.410207890848,126316.415873016,0,1,0,0,1,0,0,0,0,143.371428571429,60.03225806451611,779.5,620,0,0,0,0,0,0,31,1861,4,3118,245,255,30,20,0.0,0.0,0.0,0.0,0.0,0.0,0.0,0.0,BENIGN,7,HTTP
17,192.168.180.51-10.200.7.4-57741-3128-6,10.200.7.4,3128,192.168.180.51,57741,6,26/04/201711:11:17,1,2,0,998,0.0,992,6,499.0,697.207286249936,0,0,0.0,0.0,998000000.0,2000000.0,1.0,0.0,1.0,1,1.0,1.0,0.0,1.0,1.0,0.0,0.0,0.0,0.0,0.0,1,0,0,0,40,0,2000000.0,0.0,6,992,663.333333333333,569.267365420971,324065.333333333,0,1,0,0,1,0,0,0,0,995.0,499.0,0.0,40,0,0,0,0,0,0,2,998,0,0,353,-1,1,20,0.0,0.0,0.0,0.0,0.0,0.0,0.0,0.0,BENIGN,7,HTTP
18,192.168.180.51-10.200.7.4-57741-3128-6,10.200.7.4,3128,192.168.180.51,57741,6,26/04/201711:11:17,1,2,0,998,0.0,992,6,499.0,697.207286249936,0,0,0.0,0.0,998000000.0,2000000.0,1.0,0.0,1.0,1,1.0,1.0,0.0,1.0,1.0,0.0,0.0,0.0,0.0,0.0,1,0,0,0,40,0,2000000.0,0.0,6,992,663.333333333333,569.267365420971,324065.333333333,0,1,0,0,1,0,0,0,0,995.0,499.0,0.0,40,0,0,0,0,0,0,2,998,0,0,353,-1,1,20,0.0,0.0,0.0,0.0,0.0,0.0,0.0,0.0,BENIGN,7,HTTP
19,172.217.30.13-10.200.7.217-443-41526-6,172.217.30.13,443,10.200.7.217,41526,6,26/04/201711:11:17,1,2,0,0,0.0,0,0,0.0,0.0,0,0,0.0,0.0,0.0,2000000.0,1.0,0.0,1.0,1,1.0,1.0,0.0,1.0,1.0,0.0,0.0,0.0,0.0,0.0,0,0,0,0,64,0,2000000.0,0.0,0,0,0.0,0.0,0.0,0,0,0,0,1,1,0,0,0,0.0,0.0,0.0,64,0,0,0,0,0,0,2,0,0,0,393,-1,0,32,0.0,0.0,0.0,0.0,0.0,0.0,0.0,0.0,BENIGN,126,GOOGLE
20,172.217.30.13-10.200.7.217-443-41526-6,172.217.30.13,443,10.200.7.217,41526,6,26/04/201711:11:17,620,2,5,126,0.0,63,63,63.0,0.0,0,0,0.0,0.0,203225.806451613,11290.322580645201,103.333333333333,238.527706287271,590.0,0,0.0,0.0,0.0,0.0,0.0,30.0,7.5,8.54400374531753,19.0,1.0,1,0,0,0,64,184,3225.8064516128998,8064.516129032259,0,63,23.625,32.6055976789262,1063.125,0,1,0,0,1,0,0,0,2,27.0,63.0,0.0,64,0,0,0,0,0,0,2,126,5,0,393,992,1,32,0.0,0.0,0.0,0.0,0.0,0.0,0.0,0.0,BENIGN,126,GOOGLE
21,192.168.180.37-10.200.7.9-1978-3128-6,10.200.7.9,3128,192.168.180.37,1978,6,26/04/201711:11:17,229417,64,13,55282,2010.0,4344,0,863.78125,1099.83093172224,1448,0,154.615384615385,396.318167314583,249728.66003827102,335.63336631548697,3018.64473684211,14799.079798153201,95680.0,0,229411.0,3641.44444444444,16246.0802148601,95680.0,0.0,208179.0,17348.25,36562.3042145496,99437.0,110.0,1,0,0,0,2048,416,278.967992781703,56.6653735337835,0,4344,735.01282051282,1044.56676526981,1091119.72710623,0,1,0,0,1,0,0,0,0,744.5584415584419,863.78125,154.615384615385,2048,0,0,0,0,0,0,64,55282,13,2010,108,32648,38,32,0.0,0.0,0.0,0.0,0.0,0.0,0.0,0.0,BENIGN,7,HTTP
22,192.168.180.37-10.200.7.9-1978-3128-6,10.200.7.9,3128,192.168.180.37,1978,6,26/04/201711:11:17,13,2,0,0,0.0,0,0,0.0,0.0,0,0,0.0,0.0,0.0,153846.153846154,13.0,0.0,13.0,13,13.0,13.0,0.0,13.0,13.0,0.0,0.0,0.0,0.0,0.0,0,0,0,0,64,0,153846.153846154,0.0,0,0,0.0,0.0,0.0,0,0,0,0,1,1,0,0,0,0.0,0.0,0.0,64,0,0,0,0,0,0,2,0,0,0,215,-1,0,32,0.0,0.0,0.0,0.0,0.0,0.0,0.0,0.0,BENIGN,7,HTTP
23,192.168.180.37-10.200.7.9-1978-3128-6,10.200.7.9,3128,192.168.180.37,1978,6,26/04/201711:11:17,94,2,0,0,0.0,0,0,0.0,0.0,0,0,0.0,0.0,0.0,21276.5957446809,94.0,0.0,94.0,94,94.0,94.0,0.0,94.0,94.0,0.0,0.0,0.0,0.0,0.0,0,0,0,0,64,0,21276.5957446809,0.0,0,0,0.0,0.0,0.0,0,0,0,0,1,1,0,0,0,0.0,0.0,0.0,64,0,0,0,0,0,0,2,0,0,0,215,-1,0,32,0.0,0.0,0.0,0.0,0.0,0.0,0.0,0.0,BENIGN,7,HTTP
24,192.168.32.49-10.200.7.9-54500-3128-6,192.168.32.49,54500,10.200.7.9,3128,6,26/04/201711:11:17,10662,4,13,270,2802.0,258,0,67.5,127.03149215844101,924,0,215.538461538462,403.89450260033203,288126.055149128,1594.4475708122302,666.375,2129.60058461675,8609.0,0,10662.0,3554.0,5609.640719333101,10031.0,249.0,9811.0,817.583333333333,2459.8256944283103,8609.0,0.0,0,0,0,0,92,320,375.16413430875997,1219.2834365034698,0,924,170.666666666667,351.79004433627404,123756.23529411801,0,0,0,1,0,0,0,0,3,180.70588235294102,67.5,215.538461538462,92,0,0,0,0,0,0,4,270,13,2802,8192,108,3,20,0.0,0.0,0.0,0.0,0.0,0.0,0.0,0.0,BENIGN,126,GOOGLE
25,192.168.32.49-10.200.7.9-54500-3128-6,10.200.7.9,3128,192.168.32.49,54500,6,26/04/201711:11:17,100,2,0,12,0.0,6,6,6.0,0.0,0,0,0.0,0.0,120000.0,20000.0,100.0,0.0,100.0,100,100.0,100.0,0.0,100.0,100.0,0.0,0.0,0.0,0.0,0.0,0,0,0,0,40,0,20000.0,0.0,6,6,6.0,0.0,0.0,0,0,0,0,1,1,0,0,0,9.0,6.0,0.0,40,0,0,0,0,0,0,2,12,0,0,108,-1,1,20,0.0,0.0,0.0,0.0,0.0,0.0,0.0,0.0,BENIGN,7,HTTP
26,10.200.7.196-65.55.44.54-52798-443-6,65.55.44.54,443,10.200.7.196,52798,6,26/04/201711:11:17,275970,8,8,7701,1184.0,1436,0,962.625,631.843094785858,709,0,148.0,252.536277450531,32195.5284994746,57.9773163749683,18398.0,36254.211558304305,91220.0,0,275970.0,39424.285714285696,49106.426014369696,97785.0,1.0,187671.0,26810.1428571429,43535.741846704,94419.0,0.0,0,0,0,0,256,280,28.988658187484102,28.988658187484102,0,1436,607.117647058824,643.49843457006,414090.23529411794,0,0,0,0,1,0,0,0,1,645.0625,962.625,148.0,256,0,0,0,0,0,0,8,7701,8,1184,516,364,6,32,0.0,0.0,0.0,0.0,0.0,0.0,0.0,0.0,BENIGN,91,SSL
27,192.168.72.43-10.200.7.7-55991-3128-6,192.168.72.43,55991,10.200.7.7,3128,6,26/04/201711:11:17,120170,7,0,940,0.0,461,0,134.285714285714,223.204475974919,0,0,0.0,0.0,7822.25180993592,58.2508113505867,20028.3333333333,48275.8912902358,118567.0,0,120170.0,20028.3333333333,48275.8912902358,118567.0,0.0,0.0,0.0,0.0,0.0,0.0,0,0,0,0,164,0,58.2508113505867,0.0,0,461,117.5,212.03099503879798,44957.1428571429,0,0,0,1,0,0,0,0,0,134.285714285714,134.285714285714,0.0,164,0,0,0,0,0,0,7,940,0,0,8192,-1,5,20,0.0,0.0,0.0,0.0,0.0,0.0,0.0,0.0,BENIGN,131,HTTP_PROXY
28,192.168.72.43-10.200.7.7-55989-3128-6,192.168.72.43,55989,10.200.7.7,3128,6,26/04/201711:11:17,169292,277,0,2360,0.0,439,0,8.51985559566787,36.822485489986,0,0,0.0,0.0,13940.410651418799,1636.22616544196,613.376811594203,1972.9747109945397,19860.0,0,169292.0,613.376811594203,1972.9747109945397,19860.0,0.0,0.0,0.0,0.0,0.0,0.0,0,0,0,0,6068,0,1636.22616544196,0.0,0,439,8.48920863309353,36.759510551393106,1351.26161597798,0,0,0,1,0,0,0,0,0,8.51985559566787,8.51985559566787,0.0,6068,0,0,0,0,0,0,277,2360,0,0,8192,-1,249,20,0.0,0.0,0.0,0.0,0.0,0.0,0.0,0.0,BENIGN,131,HTTP_PROXY
29,192.168.180.51-10.200.7.4-57743-3128-6,192.168.180.51,57743,10.200.7.4,3128,6,26/04/201711:11:17,313980,7,41,3355,1989.0,1460,0,479.28571428571405,645.0968181303521,992,0,48.5121951219512,157.197188580334,17020.1923689407,152.875979361743,6680.42553191489,25237.595452148198,104280.0,0,209186.0,34864.3333333333,52661.8676032921,103106.0,86.0,313896.0,7847.4,27239.2763324936,104280.0,0.0,0,0,0,0,152,880,22.2944136569208,130.581565704822,0,1460,109.061224489796,309.805342659122,95979.35034013599,0,0,0,1,0,0,0,0,5,111.333333333333,479.28571428571405,48.5121951219512,152,0,0,0,0,0,0,7,3355,41,1989,8192,353,6,20,0.0,0.0,0.0,0.0,0.0,0.0,0.0,0.0,BENIGN,130,HTTP_CONNECT
30,192.168.180.51-10.200.7.4-57743-3128-6,10.200.7.4,3128,192.168.180.51,57743,6,26/04/201711:11:17,486,3,0,1004,0.0,992,6,334.66666666666697,569.267365420971,0,0,0.0,0.0,2065843.62139918,6172.83950617284,243.0,328.09754647055803,475.0,11,486.0,243.0,328.09754647055803,475.0,11.0,0.0,0.0,0.0,0.0,0.0,0,0,0,0,60,0,6172.83950617284,0.0,6,992,252.5,493.0,243049.0,0,0,0,0,1,1,0,0,0,336.66666666666697,334.66666666666697,0.0,60,0,0,0,0,0,0,3,1004,0,0,353,-1,2,20,0.0,0.0,0.0,0.0,0.0,0.0,0.0,0.0,BENIGN,7,HTTP
31,192.168.180.51-10.200.7.4-57743-3128-6,10.200.7.4,3128,192.168.180.51,57743,6,26/04/201711:11:17,1807,1,2,6,12.0,6,6,6.0,0.0,6,6,6.0,0.0,9961.261759822908,1660.21029330382,903.5,309.005663378521,1122.0,685,0.0,0.0,0.0,0.0,0.0,1122.0,1122.0,0.0,1122.0,1122.0,0,0,0,0,20,40,553.403431101273,1106.80686220255,6,6,6.0,0.0,0.0,0,0,0,0,1,1,0,0,2,8.0,6.0,6.0,20,0,0,0,0,0,0,1,6,2,12,353,252,0,20,0.0,0.0,0.0,0.0,0.0,0.0,0.0,0.0,BENIGN,7,HTTP
32,192.168.180.51-10.200.7.4-57742-3128-6,192.168.180.51,57742,10.200.7.4,3128,6,26/04/201711:11:17,332779,5,42,1664,2028.0,1363,0,332.8,584.414835540646,992,0,48.28571428571429,155.275252958044,11094.4500704672,141.23487359478798,7234.32608695652,27092.1201738352,110127.0,0,222208.0,55552.0,63032.7181020566,111480.0,611.0,332684.0,8114.24390243903,28608.748200315,110127.0,0.0,0,0,0,0,112,900,15.024986552637,126.209887042151,0,1363,76.9166666666667,240.673508281764,57923.7375886525,0,0,0,1,0,0,0,0,8,78.55319148936171,332.8,48.28571428571429,112,0,0,0,0,0,0,5,1664,42,2028,8192,353,4,20,0.0,0.0,0.0,0.0,0.0,0.0,0.0,0.0,BENIGN,7,HTTP
33,192.168.180.51-10.200.7.4-57742-3128-6,10.200.7.4,3128,192.168.180.51,57742,6,26/04/201711:11:17,1,2,0,998,0.0,992,6,499.0,697.207286249936,0,0,0.0,0.0,998000000.0,2000000.0,1.0,0.0,1.0,1,1.0,1.0,0.0,1.0,1.0,0.0,0.0,0.0,0.0,0.0,1,0,0,0,40,0,2000000.0,0.0,6,992,663.333333333333,569.267365420971,324065.333333333,0,1,0,0,1,0,0,0,0,995.0,499.0,0.0,40,0,0,0,0,0,0,2,998,0,0,353,-1,1,20,0.0,0.0,0.0,0.0,0.0,0.0,0.0,0.0,BENIGN,7,HTTP
34,192.168.180.51-10.200.7.4-57742-3128-6,192.168.180.51,57742,10.200.7.4,3128,6,26/04/201711:11:17,1291,2,0,12,0.0,6,6,6.0,0.0,0,0,0.0,0.0,9295.120061967471,1549.18667699458,1291.0,0.0,1291.0,1291,1291.0,1291.0,0.0,1291.0,1291.0,0.0,0.0,0.0,0.0,0.0,0,0,0,0,40,0,1549.18667699458,0.0,6,6,6.0,0.0,0.0,0,0,0,0,1,0,0,0,0,9.0,6.0,0.0,40,0,0,0,0,0,0,2,12,0,0,252,-1,1,20,0.0,0.0,0.0,0.0,0.0,0.0,0.0,0.0,BENIGN,7,HTTP
35,192.168.72.43-10.200.7.7-55994-3128-6,192.168.72.43,55994,10.200.7.7,3128,6,26/04/201711:11:17,39640,7,0,870,0.0,426,0,124.285714285714,206.127561060066,0,0,0.0,0.0,21947.5277497477,176.58930373360198,6606.66666666667,15396.8020012815,38024.0,0,39640.0,6606.66666666667,15396.8020012815,38024.0,0.0,0.0,0.0,0.0,0.0,0.0,0,0,0,0,164,0,176.58930373360198,0.0,0,426,108.75,195.830648411179,38349.6428571429,0,0,0,1,0,0,0,0,0,124.285714285714,124.285714285714,0.0,164,0,0,0,0,0,0,7,870,0,0,8192,-1,5,20,0.0,0.0,0.0,0.0,0.0,0.0,0.0,0.0,BENIGN,131,HTTP_PROXY
36,192.168.72.43-10.200.7.7-55980-3128-6,192.168.72.43,55980,10.200.7.7,3128,6,26/04/201711:11:17,247289,15,0,1388,0.0,258,0,92.5333333333333,112.519754879289,0,0,0.0,0.0,5612.86591801495,60.657772889210605,17663.5,36373.0644904038,123553.0,0,247289.0,17663.5,36373.0644904038,123553.0,0.0,0.0,0.0,0.0,0.0,0.0,0,0,0,0,324,0,60.657772889210605,0.0,0,258,86.75,111.13865214226801,12351.8,0,0,0,1,0,0,0,0,0,92.5333333333333,92.5333333333333,0.0,324,0,0,0,0,0,0,15,1388,0,0,8192,-1,13,20,0.0,0.0,0.0,0.0,0.0,0.0,0.0,0.0,BENIGN,124,YOUTUBE
37,179.1.4.251-10.200.7.217-443-37557-6,10.200.7.217,37557,179.1.4.251,443,6,26/04/201711:11:17,243047,21,17,922,9330.0,258,0,43.9047619047619,93.5590213511796,2048,0,548.823529411765,647.042814975767,42181.1419190527,156.34836060515,6568.837837837839,29999.5599000251,182523.0,0,243047.0,12152.35,40524.0113113915,182523.0,0.0,49652.0,3103.25,7938.18908399978,28749.0,0.0,0,0,0,0,688,560,86.40304138705679,69.9453192180936,0,2048,262.87179487179503,495.764650206186,245782.58839406198,0,0,0,1,0,0,0,0,0,269.78947368421103,43.9047619047619,548.823529411765,688,0,0,0,0,0,0,21,922,17,9330,14600,243,4,32,0.0,0.0,0.0,0.0,0.0,0.0,0.0,0.0,BENIGN,124,YOUTUBE
38,179.1.4.251-10.200.7.217-443-37557-6,10.200.7.217,37557,179.1.4.251,443,6,26/04/201711:11:17,10022,1,1,0,0.0,0,0,0.0,0.0,0,0,0.0,0.0,0.0,199.560965875075,10022.0,0.0,10022.0,10022,0.0,0.0,0.0,0.0,0.0,0.0,0.0,0.0,0.0,0.0,0,0,0,0,32,32,99.7804829375374,99.7804829375374,0,0,0.0,0.0,0.0,0,0,0,0,1,1,0,0,1,0.0,0.0,0.0,32,0,0,0,0,0,0,1,0,1,0,1000,243,0,32,0.0,0.0,0.0,0.0,0.0,0.0,0.0,0.0,BENIGN,124,YOUTUBE
39,192.168.180.51-10.200.7.4-57744-3128-6,192.168.180.51,57744,10.200.7.4,3128,6,26/04/201711:11:17,316245,6,41,1992,1987.0,1460,0,332.0,563.167825785529,990,0,48.4634146341463,156.89711558231002,12582.0171069898,148.618950497241,6874.89130434783,25709.419912405,104997.0,0,210847.0,42169.4,56106.9212245691,104435.0,313.0,316116.0,7902.9,27466.610811618597,104997.0,0.0,0,0,0,0,132,880,18.972631978371197,129.64631851887,0,1460,82.8958333333333,252.572150179111,63792.691046099295,0,0,0,1,0,0,0,0,6,84.6595744680851,332.0,48.4634146341463,132,0,0,0,0,0,0,6,1992,41,1987,8192,353,5,20,0.0,0.0,0.0,0.0,0.0,0.0,0.0,0.0,BENIGN,130,HTTP_CONNECT
40,192.168.72.43-10.200.7.7-55973-3128-6,192.168.72.43,55973,10.200.7.7,3128,6,26/04/201711:11:17,251594,8,0,1502,0.0,1460,6,187.75,514.06662992262,0,0,0.0,0.0,5969.9356900403,31.7972606659936,35942.0,81749.1123988512,220536.0,0,251594.0,35942.0,81749.1123988512,220536.0,0.0,0.0,0.0,0.0,0.0,0.0,0,0,0,0,160,0,31.7972606659936,0.0,6,1460,167.555555555556,484.666666666667,234901.777777778,0,0,0,0,1,0,0,0,0,188.5,187.75,0.0,160,0,0,0,0,0,0,8,1502,0,0,256,-1,7,20,0.0,0.0,0.0,0.0,0.0,0.0,0.0,0.0,BENIGN,131,HTTP_PROXY
41,172.17.1.110-10.200.7.5-49450-3128-6,10.200.7.5,3128,172.17.1.110,49450,6,26/04/201711:11:18,46280,9,0,30,0.0,6,0,3.3333333333333304,3.16227766016838,0,0,0.0,0.0,648.228176318064,194.468452895419,5785.0,14812.9920774202,42315.0,0,46280.0,5785.0,14812.9920774202,42315.0,0.0,0.0,0.0,0.0,0.0,0.0,0,0,0,0,228,0,194.468452895419,0.0,0,6,3.0,3.16227766016838,10.0,0,0,0,1,1,0,0,0,0,3.3333333333333304,3.3333333333333304,0.0,228,0,0,0,0,0,0,9,30,0,0,14600,-1,5,20,0.0,0.0,0.0,0.0,0.0,0.0,0.0,0.0,BENIGN,7,HTTP
42,172.17.1.110-10.200.7.5-49450-3128-6,10.200.7.5,3128,172.17.1.110,49450,6,26/04/201711:11:18,15,2,0,323,0.0,317,6,161.5,219.910208949016,0,0,0.0,0.0,21533333.333333302,133333.333333333,15.0,0.0,15.0,15,15.0,15.0,0.0,15.0,15.0,0.0,0.0,0.0,0.0,0.0,1,0,0,0,40,0,133333.333333333,0.0,6,317,213.333333333333,179.55593371797403,32240.3333333333,0,1,0,0,1,0,0,0,0,320.0,161.5,0.0,40,0,0,0,0,0,0,2,323,0,0,229,-1,1,20,0.0,0.0,0.0,0.0,0.0,0.0,0.0,0.0,BENIGN,7,HTTP
43,192.168.180.37-10.200.7.9-1980-3128-6,192.168.180.37,1980,10.200.7.9,3128,6,26/04/201711:11:17,308270,14,73,2214,69631.0,1448,0,158.142857142857,380.99886071763,4344,0,953.8493150684931,1191.98197077194,233058.68232393698,282.220131702728,3584.5348837209294,16391.024449696,94167.0,0,308270.0,23713.0769230769,40376.324257873195,97742.0,6.0,308226.0,4280.916666666671,17890.8904625302,94167.0,0.0,0,0,0,0,460,2376,45.4147338372206,236.805397865508,0,4344,816.4204545454551,1136.12609306666,1290782.49934692,0,0,0,1,0,0,0,0,5,825.804597701149,158.142857142857,953.8493150684931,460,0,0,0,0,0,0,14,2214,73,69631,65535,215,6,32,0.0,0.0,0.0,0.0,0.0,0.0,0.0,0.0,BENIGN,130,HTTP_CONNECT
44,192.168.180.37-10.200.7.9-1980-3128-6,10.200.7.9,3128,192.168.180.37,1980,6,26/04/201711:11:18,80,5,1,0,0.0,0,0,0.0,0.0,0,0,0.0,0.0,0.0,75000.0,16.0,27.577164466275395,64.0,0,80.0,20.0,39.336158090659204,79.0,0.0,0.0,0.0,0.0,0.0,0.0,0,0,0,0,160,32,62500.0,12500.0,0,0,0.0,0.0,0.0,0,0,0,0,1,0,0,0,0,0.0,0.0,0.0,160,0,0,0,0,0,0,5,0,1,0,215,32768,0,32,0.0,0.0,0.0,0.0,0.0,0.0,0.0,0.0,BENIGN,7,HTTP
45,207.244.80.182-10.200.7.199-443-46617-6,10.200.7.199,46617,207.244.80.182,443,6,26/04/201711:11:17,302791,16,10,2070,14046.0,1448,0,129.375,358.529194534188,6781,2,1404.6,2017.2485772016898,53224.8316495537,85.8678098094065,12111.64,28667.8991976508,89806.0,1,302791.0,20186.0666666667,36585.9025825652,93937.0,1.0,201346.0,22371.7777777778,41918.6259667996,100650.0,37.0,0,0,0,0,340,204,52.8417291134809,33.0260806959256,0,6781,596.888888888889,1371.81982819379,1881889.64102564,0,0,0,1,0,0,0,0,0,619.846153846154,129.375,1404.6,340,0,0,0,0,0,0,16,2070,10,14046,5840,34752,15,20,0.0,0.0,0.0,0.0,0.0,0.0,0.0,0.0,BENIGN,91,SSL
46,192.168.180.37-10.200.7.9-1980-3128-6,10.200.7.9,3128,192.168.180.37,1980,6,26/04/201711:11:18,1,2,0,0,0.0,0,0,0.0,0.0,0,0,0.0,0.0,0.0,2000000.0,1.0,0.0,1.0,1,1.0,1.0,0.0,1.0,1.0,0.0,0.0,0.0,0.0,0.0,0,0,0,0,64,0,2000000.0,0.0,0,0,0.0,0.0,0.0,0,0,0,0,1,1,0,0,0,0.0,0.0,0.0,64,0,0,0,0,0,0,2,0,0,0,215,-1,0,32,0.0,0.0,0.0,0.0,0.0,0.0,0.0,0.0,BENIGN,7,HTTP
47,192.168.72.43-10.200.7.7-56001-3128-6,192.168.72.43,56001,10.200.7.7,3128,6,26/04/201711:11:18,84530,35,0,3006,0.0,533,0,85.88571428571429,179.98525616553903,0,0,0.0,0.0,35561.3391695256,414.054181947238,2486.1764705882397,5788.96403811434,21256.0,0,84530.0,2486.1764705882397,5788.96403811434,21256.0,0.0,0.0,0.0,0.0,0.0,0.0,0,0,0,0,724,0,414.054181947238,0.0,0,533,83.5,177.971988165072,31674.0285714286,0,0,0,1,0,0,0,0,0,85.88571428571429,85.88571428571429,0.0,724,0,0,0,0,0,0,35,3006,0,0,8192,-1,33,20,0.0,0.0,0.0,0.0,0.0,0.0,0.0,0.0,BENIGN,131,HTTP_PROXY
48,151.101.64.84-10.200.7.196-443-38890-6,10.200.7.196,38890,151.101.64.84,443,6,26/04/201711:11:17,201725,6,7,1405,994.0,837,0,234.166666666667,358.177283850702,564,0,142.0,199.07871140163002,11892.4278101376,64.4441690420126,16810.4166666667,25074.1904299959,59464.0,0,115913.0,23182.6,30375.8164548708,59521.0,213.0,148609.0,24768.1666666667,28951.897467466002,61694.0,0.0,0,0,0,0,200,232,29.7434626347751,34.700706407237604,0,837,171.357142857143,268.659809808973,72178.0934065934,0,0,0,1,0,0,0,0,1,184.538461538462,234.166666666667,142.0,200,0,0,0,0,0,0,6,1405,7,994,14600,62,3,32,0.0,0.0,0.0,0.0,0.0,0.0,0.0,0.0,BENIGN,91,SSL
49,151.101.64.84-10.200.7.196-443-38890-6,10.200.7.196,38890,151.101.64.84,443,6,26/04/201711:11:18,130,4,0,0,0.0,0,0,0.0,0.0,0,0,0.0,0.0,0.0,30769.230769230802,43.3333333333333,60.928920336186295,113.0,0,130.0,43.3333333333333,60.928920336186295,113.0,0.0,0.0,0.0,0.0,0.0,0.0,0,0,0,0,152,0,30769.230769230802,0.0,0,0,0.0,0.0,0.0,0,0,0,0,1,0,0,0,0,0.0,0.0,0.0,152,0,0,0,0,0,0,4,0,0,0,245,-1,0,32,0.0,0.0,0.0,0.0,0.0,0.0,0.0,0.0,BENIGN,91,SSL
50,192.168.51.50-10.200.7.6-62803-3128-6,192.168.51.50,62803,10.200.7.6,3128,6,26/04/201711:11:17,284136,6,9,1631,1063.0,837,0,271.83333333333303,339.274176244917,834,0,118.11111111111099,273.245514347649,9481.37511614157,52.7916209139285,20295.4285714286,42421.4648147959,134643.0,4,197991.0,39598.2,60147.9032194806,136376.0,149.0,284068.0,35508.5,52201.6940201315,134643.0,97.0,0,0,0,0,132,192,21.1166483655714,31.6749725483571,0,837,168.375,293.047180501707,85876.65,0,0,0,1,0,0,0,0,1,179.6,271.83333333333303,118.11111111111099,132,0,0,0,0,0,0,6,1631,9,1063,8192,288,5,20,0.0,0.0,0.0,0.0,0.0,0.0,0.0,0.0,BENIGN,130,HTTP_CONNECT
51,192.168.51.50-10.200.7.6-62803-3128-6,192.168.51.50,62803,10.200.7.6,3128,6,26/04/201711:11:18,681,2,0,12,0.0,6,6,6.0,0.0,0,0,0.0,0.0,17621.1453744493,2936.85756240822,681.0,0.0,681.0,681,681.0,681.0,0.0,681.0,681.0,0.0,0.0,0.0,0.0,0.0,0,0,0,0,40,0,2936.85756240822,0.0,6,6,6.0,0.0,0.0,0,0,0,0,1,0,0,0,0,9.0,6.0,0.0,40,0,0,0,0,0,0,2,12,0,0,2049,-1,1,20,0.0,0.0,0.0,0.0,0.0,0.0,0.0,0.0,BENIGN,130,HTTP_CONNECT
52,172.19.1.58-10.200.7.8-50386-3128-6,172.19.1.58,50386,10.200.7.8,3128,6,26/04/201711:11:17,559624,144,532,889,972157.0,325,0,6.173611111111111,26.9057744240562,5840,0,1827.36278195489,846.5061494077229,1738749.58900976,1207.95391191228,829.0725925925921,8390.21076697761,202168.0,0,559624.0,3913.4545454545396,21884.060979808797,255530.0,0.0,554928.0,1045.06214689266,9469.53238778454,202168.0,0.0,0,0,0,0,3532,10676,257.315626206167,950.6382857061169,0,5840,1437.2909896602698,1059.29414624866,1122104.08827668,0,0,0,1,0,0,0,0,3,1439.4171597633099,6.173611111111111,1827.36278195489,3532,0,0,0,0,0,0,144,889,532,972157,8192,490,95,20,0.0,0.0,0.0,0.0,0.0,0.0,0.0,0.0,BENIGN,131,HTTP_PROXY
53,172.19.1.58-10.200.7.8-50386-3128-6,10.200.7.8,3128,172.19.1.58,50386,6,26/04/201711:11:18,1,2,0,12,0.0,6,6,6.0,0.0,0,0,0.0,0.0,12000000.0,2000000.0,1.0,0.0,1.0,1,1.0,1.0,0.0,1.0,1.0,0.0,0.0,0.0,0.0,0.0,0,0,0,0,40,0,2000000.0,0.0,6,6,6.0,0.0,0.0,0,0,0,0,1,1,0,0,0,9.0,6.0,0.0,40,0,0,0,0,0,0,2,12,0,0,490,-1,1,20,0.0,0.0,0.0,0.0,0.0,0.0,0.0,0.0,BENIGN,7,HTTP
54,192.168.72.43-10.200.7.7-55996-3128-6,192.168.72.43,55996,10.200.7.7,3128,6,26/04/201711:11:17,251334,9,0,1074,0.0,522,0,119.333333333333,228.304621065803,0,0,0.0,0.0,4273.198214328339,35.8089235837571,31416.75,69961.2895040638,199111.0,0,251334.0,31416.75,69961.2895040638,199111.0,0.0,0.0,0.0,0.0,0.0,0.0,0,0,0,0,204,0,35.8089235837571,0.0,0,522,107.4,218.530547063792,47755.6,0,0,0,1,0,0,0,0,0,119.333333333333,119.333333333333,0.0,204,0,0,0,0,0,0,9,1074,0,0,8192,-1,7,20,0.0,0.0,0.0,0.0,0.0,0.0,0.0,0.0,BENIGN,131,HTTP_PROXY
55,190.60.67.98-10.200.7.217-80-54171-6,10.200.7.217,54171,190.60.67.98,80,6,26/04/201711:11:17,608877,139,587,11598,1217608.0,609,0,83.4388489208633,204.710864147741,11584,42,2074.2896081771696,1161.23462510835,2018808.39644132,1192.3590478865199,839.830344827586,7240.00782314415,124096.0,0,608877.0,4412.152173913039,16405.9833752665,124096.0,0.0,598212.0,1020.83959044369,9126.11834663505,134422.0,0.0,1,0,0,0,4448,18784,228.289129003066,964.069918883453,0,11584,1691.6231086657501,1308.2769137692599,1711588.48310162,0,1,0,0,1,0,0,0,4,1693.9531680440803,83.4388489208633,2074.2896081771696,4448,0,0,0,0,0,0,139,11598,587,1217608,1321,2740,19,32,0.0,0.0,0.0,0.0,0.0,0.0,0.0,0.0,BENIGN,7,HTTP
56,190.60.67.98-10.200.7.217-80-54171-6,10.200.7.217,54171,190.60.67.98,80,6,26/04/201711:11:18,173,1,3,0,0.0,0,0,0.0,0.0,0,0,0.0,0.0,0.0,23121.387283237003,57.6666666666667,58.045958802774,117.0,1,0.0,0.0,0.0,0.0,0.0,56.0,28.0,38.1837661840736,55.0,1.0,0,0,0,0,32,96,5780.346820809251,17341.0404624277,0,0,0.0,0.0,0.0,0,0,0,0,1,1,0,0,3,0.0,0.0,0.0,32,0,0,0,0,0,0,1,0,3,0,4088,2740,0,32,0.0,0.0,0.0,0.0,0.0,0.0,0.0,0.0,BENIGN,7,HTTP
57,172.17.1.110-10.200.7.5-49451-3128-6,10.200.7.5,3128,172.17.1.110,49451,6,26/04/201711:11:18,104619,10,0,3713,0.0,3683,0,371.3,1163.61658920225,0,0,0.0,0.0,35490.685248377406,95.58493199132091,11624.333333333301,33099.2413885877,99794.0,0,104619.0,11624.333333333301,33099.2413885877,99794.0,0.0,0.0,0.0,0.0,0.0,0.0,0,0,0,0,248,0,95.58493199132091,0.0,0,3683,337.545454545455,1109.56580369407,1231136.27272727,0,0,0,1,1,0,0,0,0,371.3,371.3,0.0,248,0,0,0,0,0,0,10,3713,0,0,14600,-1,6,20,0.0,0.0,0.0,0.0,0.0,0.0,0.0,0.0,BENIGN,7,HTTP
58,172.17.1.110-10.200.7.5-49451-3128-6,10.200.7.5,3128,172.17.1.110,49451,6,26/04/201711:11:18,29,5,0,6609,0.0,2223,6,1321.8,806.348063803715,0,0,0.0,0.0,227896551.724138,172413.793103448,7.25,11.842719282327002,25.0,1,29.0,7.25,11.842719282327002,25.0,1.0,0.0,0.0,0.0,0.0,0.0,0,0,0,0,100,0,172413.793103448,0.0,6,2223,1344.83333333333,723.423089669294,523340.966666667,0,0,0,0,1,0,0,0,0,1613.8,1321.8,0.0,100,0,0,0,0,0,0,5,6609,0,0,229,-1,4,20,0.0,0.0,0.0,0.0,0.0,0.0,0.0,0.0,BENIGN,7,HTTP
59,172.17.1.110-10.200.7.5-49451-3128-6,10.200.7.5,3128,172.17.1.110,49451,6,26/04/201711:11:18,460,3,0,3689,0.0,2223,6,1229.66666666667,1126.30472490056,0,0,0.0,0.0,8019565.217391299,6521.73913043478,230.0,325.269119345812,460.0,0,460.0,230.0,325.269119345812,460.0,0.0,0.0,0.0,0.0,0.0,0.0,0,0,0,0,60,0,6521.73913043478,0.0,6,2223,1287.25,926.807198576561,858971.583333333,0,0,0,0,1,0,0,0,0,1716.33333333333,1229.66666666667,0.0,60,0,0,0,0,0,0,3,3689,0,0,229,-1,2,20,0.0,0.0,0.0,0.0,0.0,0.0,0.0,0.0,BENIGN,7,HTTP
60,190.60.67.98-10.200.7.217-80-54170-6,10.200.7.217,54170,190.60.67.98,80,6,26/04/201711:11:17,430816,34,51,4858,86153.0,577,0,142.88235294117598,242.00698270740898,4344,252,1689.27450980392,977.29070554122,211252.599717745,197.300007427765,5128.7619047619,30374.084348584398,268537.0,0,430816.0,13055.0303030303,48269.0788325487,268537.0,0.0,419010.0,8380.2,41065.7380907585,279190.0,0.0,1,0,0,0,1088,1632,78.920002971106,118.380004456659,0,4344,1064.5,1077.86981370392,1161803.33529412,0,1,0,0,1,0,0,0,1,1077.02352941176,142.88235294117598,1689.27450980392,1088,0,0,0,0,0,0,34,4858,51,86153,1321,1803,8,32,0.0,0.0,0.0,0.0,0.0,0.0,0.0,0.0,BENIGN,7,HTTP
61,190.60.67.98-10.200.7.217-80-54170-6,10.200.7.217,54170,190.60.67.98,80,6,26/04/201711:11:18,29,1,3,0,0.0,0,0,0.0,0.0,0,0,0.0,0.0,0.0,137931.03448275902,9.66666666666667,15.885003409925098,28.0,0,0.0,0.0,0.0,0.0,0.0,1.0,0.5,0.707106781186548,1.0,0.0,0,0,0,0,32,96,34482.7586206897,103448.275862069,0,0,0.0,0.0,0.0,0,0,0,0,1,1,0,0,3,0.0,0.0,0.0,32,0,0,0,0,0,0,1,0,3,0,1411,1803,0,32,0.0,0.0,0.0,0.0,0.0,0.0,0.0,0.0,BENIGN,7,HTTP
62,192.168.72.43-10.200.7.7-56005-3128-6,192.168.72.43,56005,10.200.7.7,3128,6,26/04/201711:11:18,140794,7,0,864,0.0,423,0,123.42857142857099,204.663835873087,0,0,0.0,0.0,6136.625140275861,49.71802775686461,23465.6666666667,57018.8676971638,139854.0,0,140794.0,23465.6666666667,57018.8676971638,139854.0,0.0,0.0,0.0,0.0,0.0,0.0,0,0,0,0,164,0,49.71802775686461,0.0,0,423,108.0,194.44205894228298,37807.714285714304,0,0,0,1,0,0,0,0,0,123.42857142857099,123.42857142857099,0.0,164,0,0,0,0,0,0,7,864,0,0,8192,-1,5,20,0.0,0.0,0.0,0.0,0.0,0.0,0.0,0.0,BENIGN,131,HTTP_PROXY
63,190.60.67.98-10.200.7.217-80-54173-6,10.200.7.217,54173,190.60.67.98,80,6,26/04/201711:11:18,56587,7,4,2324,1016.0,585,0,332.0,310.57473604056497,255,253,254.0,1.1547005383792501,59024.1574920035,194.390937847916,5658.7,10740.1283775692,33512.0,0,56587.0,9431.16666666667,13078.935115928502,33512.0,0.0,44430.0,14810.0,25615.3080012714,44388.0,0.0,1,0,0,0,224,128,123.703324085037,70.68761376287841,0,585,327.08333333333303,246.20739902231497,60618.0833333333,0,1,0,0,1,0,0,0,0,356.818181818182,332.0,254.0,224,0,0,0,0,0,0,7,2324,4,1016,1321,1681,3,32,0.0,0.0,0.0,0.0,0.0,0.0,0.0,0.0,BENIGN,7,HTTP
64,190.60.67.98-10.200.7.217-80-54173-6,10.200.7.217,54173,190.60.67.98,80,6,26/04/201711:11:18,292,1,3,0,0.0,0,0,0.0,0.0,0,0,0.0,0.0,0.0,13698.6301369863,97.3333333333333,152.369069477153,273.0,1,0.0,0.0,0.0,0.0,0.0,19.0,9.5,12.020815280171302,18.0,1.0,0,0,0,0,32,96,3424.6575342465803,10273.9726027397,0,0,0.0,0.0,0.0,0,0,0,0,1,1,0,0,3,0.0,0.0,0.0,32,0,0,0,0,0,0,1,0,3,0,1321,1681,0,32,0.0,0.0,0.0,0.0,0.0,0.0,0.0,0.0,BENIGN,7,HTTP
65,192.168.10.47-10.200.7.6-51849-3128-6,192.168.10.47,51849,10.200.7.6,3128,6,26/04/201711:11:18,98397,3,12,232,744.0,226,0,77.3333333333333,128.784056984292,708,0,62.0,203.45917615982898,9919.0015955771,152.443672063173,7028.3571428571395,25281.3007169244,94838.0,0,3361.0,1680.5,1024.59772593931,2405.0,956.0,98289.0,8935.36363636364,28505.0941141149,94838.0,0.0,0,0,0,0,72,300,30.4887344126345,121.954937650538,0,708,61.0,181.30195806995602,32870.4,0,0,0,1,0,0,0,0,4,65.0666666666667,77.3333333333333,62.0,72,0,0,0,0,0,0,3,232,12,744,8192,245,2,20,0.0,0.0,0.0,0.0,0.0,0.0,0.0,0.0,BENIGN,130,HTTP_CONNECT
66,190.60.67.98-10.200.7.217-80-54175-6,10.200.7.217,54175,190.60.67.98,80,6,26/04/201711:11:18,73839,7,4,2336,1016.0,591,0,333.714285714286,312.213449574547,255,253,254.0,1.1547005383792501,45396.0644104064,148.972765069949,7383.9,11495.2182759229,32998.0,0,73839.0,12306.5,14266.6810681391,32998.0,0.0,49851.0,16617.0,28779.7562185645,49849.0,1.0,1,0,0,0,224,128,94.8008504990588,54.171914570890706,0,591,328.58333333333303,247.930510181357,61469.5378787879,0,1,0,0,1,0,0,0,0,358.454545454545,333.714285714286,254.0,224,0,0,0,0,0,0,7,2336,4,1016,1321,1403,3,32,0.0,0.0,0.0,0.0,0.0,0.0,0.0,0.0,BENIGN,7,HTTP
67,190.60.67.98-10.200.7.217-80-54175-6,10.200.7.217,54175,190.60.67.98,80,6,26/04/201711:11:18,283,1,3,0,0.0,0,0,0.0,0.0,0,0,0.0,0.0,0.0,14134.275618374599,94.3333333333333,144.756116738925,261.0,0,0.0,0.0,0.0,0.0,0.0,22.0,11.0,15.556349186103999,22.0,0.0,0,0,0,0,32,96,3533.56890459364,10600.706713780899,0,0,0.0,0.0,0.0,0,0,0,0,1,1,0,0,3,0.0,0.0,0.0,32,0,0,0,0,0,0,1,0,3,0,1321,1403,0,32,0.0,0.0,0.0,0.0,0.0,0.0,0.0,0.0,BENIGN,7,HTTP
68,172.19.1.57-10.200.7.7-50184-3128-6,172.19.1.57,50184,10.200.7.7,3128,6,26/04/201711:11:17,671266,159,502,919,916870.0,325,0,5.7798742138364805,25.6408119598183,5840,0,1826.43426294821,808.09904993901,1367250.83647913,984.7065097889661,1017.0696969697,8700.67355099374,198196.0,0,671266.0,4248.51898734177,21653.6125641717,258783.0,0.0,666574.0,1330.4870259481,10035.7412163891,198196.0,0.0,0,0,0,0,3920,10076,236.865862415198,747.840647373768,0,5840,1386.38821752266,1050.51329376421,1103578.18037533,0,0,0,1,0,0,0,0,3,1388.48562783661,5.7798742138364805,1826.43426294821,3920,0,0,0,0,0,0,159,919,502,916870,8192,490,100,20,0.0,0.0,0.0,0.0,0.0,0.0,0.0,0.0,BENIGN,131,HTTP_PROXY
69,192.168.72.43-10.200.7.7-56008-3128-6,192.168.72.43,56008,10.200.7.7,3128,6,26/04/201711:11:18,92878,9,0,2154,0.0,534,0,239.333333333333,279.5550035324,0,0,0.0,0.0,23191.7138611943,96.90131139774759,11609.75,21376.4318534622,51300.0,0,92878.0,11609.75,21376.4318534622,51300.0,0.0,0.0,0.0,0.0,0.0,0.0,0,0,0,0,204,0,96.90131139774759,0.0,0,534,215.4,274.21816132415404,75195.6,0,0,0,1,0,0,0,0,0,239.333333333333,239.333333333333,0.0,204,0,0,0,0,0,0,9,2154,0,0,8192,-1,7,20,0.0,0.0,0.0,0.0,0.0,0.0,0.0,0.0,BENIGN,131,HTTP_PROXY
70,192.168.72.43-10.200.7.7-56000-3128-6,192.168.72.43,56000,10.200.7.7,3128,6,26/04/201711:11:18,347402,43,0,10010,0.0,534,0,232.790697674419,247.91497756667005,0,0,0.0,0.0,28813.881324805297,123.77591378288,8271.47619047619,14363.289211988502,46704.0,0,347402.0,8271.47619047619,14363.289211988502,46704.0,0.0,0.0,0.0,0.0,0.0,0.0,0,0,0,0,884,0,123.77591378288,0.0,0,534,227.5,247.515890962721,61264.11627906981,0,0,0,1,0,0,0,0,0,232.790697674419,232.790697674419,0.0,884,0,0,0,0,0,0,43,10010,0,0,8192,-1,41,20,0.0,0.0,0.0,0.0,0.0,0.0,0.0,0.0,BENIGN,131,HTTP_PROXY
71,172.19.1.64-10.200.7.8-49863-3128-6,172.19.1.64,49863,10.200.7.8,3128,6,26/04/201711:11:18,192268,123,376,1194,684258.0,792,0,9.70731707317073,71.1777654206978,5840,0,1819.83510638298,826.1970770166901,3565086.23379866,2595.33567728379,386.080321285141,832.0647716854598,12018.0,0,192268.0,1575.9672131147502,1807.2297732888298,15772.0,0.0,189104.0,504.277333333333,1111.04492075195,12018.0,0.0,0,0,0,0,3192,7556,639.732040693199,1955.60363659059,0,5840,1370.904,1061.39500729324,1126559.36150701,0,0,0,1,0,0,0,0,3,1373.65130260521,9.70731707317073,1819.83510638298,3192,0,0,0,0,0,0,123,1194,376,684258,8192,506,68,20,0.0,0.0,0.0,0.0,0.0,0.0,0.0,0.0,BENIGN,131,HTTP_PROXY
72,192.168.180.37-10.200.7.9-1982-3128-6,192.168.180.37,1982,10.200.7.9,3128,6,26/04/201711:11:17,606743,14,66,2214,47866.0,1448,0,158.142857142857,380.99886071763,5792,0,725.242424242424,1374.51703473907,82539.0651396061,131.851541756559,7680.2911392405,38254.3191203669,306645.0,0,606743.0,46672.5384615385,88258.5179209495,306645.0,48.0,606699.0,9333.83076923077,42125.8524337228,307287.0,0.0,0,0,0,0,460,2152,23.0740198073979,108.777521949161,0,5792,618.271604938272,1268.82293891175,1609911.65030864,0,0,0,1,0,0,0,0,4,626.0,158.142857142857,725.242424242424,460,0,0,0,0,0,0,14,2214,66,47866,65535,215,6,32,0.0,0.0,0.0,0.0,0.0,0.0,0.0,0.0,BENIGN,130,HTTP_CONNECT
73,192.168.180.37-10.200.7.9-1982-3128-6,10.200.7.9,3128,192.168.180.37,1982,6,26/04/201711:11:18,86,5,0,0,0.0,0,0,0.0,0.0,0,0,0.0,0.0,0.0,58139.534883720895,21.5,37.2424488990721,77.0,0,86.0,21.5,37.2424488990721,77.0,0.0,0.0,0.0,0.0,0.0,0.0,0,0,0,0,160,0,58139.534883720895,0.0,0,0,0.0,0.0,0.0,0,0,0,0,1,0,0,0,0,0.0,0.0,0.0,160,0,0,0,0,0,0,5,0,0,0,215,-1,0,32,0.0,0.0,0.0,0.0,0.0,0.0,0.0,0.0,BENIGN,7,HTTP
74,207.244.80.182-10.200.7.199-443-46622-6,10.200.7.199,46622,207.244.80.182,443,6,26/04/201711:11:18,299053,16,8,2070,14759.0,1448,0,129.375,358.529194534188,5792,0,1844.875,2163.40752633432,56274.3058922666,80.253333021237,13002.3043478261,29969.0887831791,93683.0,0,299053.0,19936.866666666698,36956.4006767563,98590.0,0.0,200481.0,28640.1428571429,46285.0536365991,97779.0,31.0,0,0,0,0,340,168,53.502222014158,26.751111007079,0,5792,673.16,1455.7097261015601,2119090.80666667,0,0,0,1,0,0,0,0,0,701.208333333333,129.375,1844.875,340,0,0,0,0,0,0,16,2070,8,14759,5840,282,15,20,0.0,0.0,0.0,0.0,0.0,0.0,0.0,0.0,BENIGN,91,SSL
75,192.168.180.37-10.200.7.9-1982-3128-6,10.200.7.9,3128,192.168.180.37,1982,6,26/04/201711:11:18,1,2,0,0,0.0,0,0,0.0,0.0,0,0,0.0,0.0,0.0,2000000.0,1.0,0.0,1.0,1,1.0,1.0,0.0,1.0,1.0,0.0,0.0,0.0,0.0,0.0,0,0,0,0,64,0,2000000.0,0.0,0,0,0.0,0.0,0.0,0,0,0,0,1,1,0,0,0,0.0,0.0,0.0,64,0,0,0,0,0,0,2,0,0,0,215,-1,0,32,0.0,0.0,0.0,0.0,0.0,0.0,0.0,0.0,BENIGN,7,HTTP
76,192.168.180.37-10.200.7.9-1982-3128-6,10.200.7.9,3128,192.168.180.37,1982,6,26/04/201711:11:18,1,2,0,0,0.0,0,0,0.0,0.0,0,0,0.0,0.0,0.0,2000000.0,1.0,0.0,1.0,1,1.0,1.0,0.0,1.0,1.0,0.0,0.0,0.0,0.0,0.0,0,0,0,0,64,0,2000000.0,0.0,0,0,0.0,0.0,0.0,0,0,0,0,1,1,0,0,0,0.0,0.0,0.0,64,0,0,0,0,0,0,2,0,0,0,215,-1,0,32,0.0,0.0,0.0,0.0,0.0,0.0,0.0,0.0,BENIGN,7,HTTP
77,192.168.72.43-10.200.7.7-56007-3128-6,192.168.72.43,56007,10.200.7.7,3128,6,26/04/201711:11:18,269695,35,0,6925,0.0,534,0,197.85714285714297,239.907597758355,0,0,0.0,0.0,25677.153821909902,129.776228702794,7932.2058823529405,13276.311565134,45670.0,0,269695.0,7932.2058823529405,13276.311565134,45670.0,0.0,0.0,0.0,0.0,0.0,0.0,0,0,0,0,724,0,129.776228702794,0.0,0,534,192.361111111111,238.74387385142998,56998.6373015873,0,0,0,1,0,0,0,0,0,197.85714285714297,197.85714285714297,0.0,724,0,0,0,0,0,0,35,6925,0,0,8192,-1,33,20,0.0,0.0,0.0,0.0,0.0,0.0,0.0,0.0,BENIGN,131,HTTP_PROXY
78,10.200.7.195-104.91.156.236-37458-80-6,10.200.7.195,37458,104.91.156.236,80,6,26/04/201711:11:18,37651,3,3,169,0.0,169,0,56.3333333333333,97.57219549304679,0,0,0.0,0.0,4488.59260046214,159.358317176171,7530.2,16381.246097290601,36833.0,16,448.0,224.0,21.213203435596398,239.0,209.0,37428.0,18714.0,25624.1355366381,36833.0,595.0,0,0,0,0,104,104,79.6791585880853,79.6791585880853,0,169,24.142857142857103,63.8759959385594,4080.14285714286,0,0,0,1,0,0,0,0,1,28.1666666666667,56.3333333333333,0.0,104,0,0,0,0,0,0,3,169,3,0,14600,804,1,32,0.0,0.0,0.0,0.0,0.0,0.0,0.0,0.0,BENIGN,7,HTTP
79,179.1.4.231-10.200.7.217-443-56687-6,179.1.4.231,443,10.200.7.217,56687,6,26/04/201711:11:18,1017,2,5,126,0.0,63,63,63.0,0.0,0,0,0.0,0.0,123893.805309735,6882.98918387414,169.5,293.49531512445,725.0,0,1.0,1.0,0.0,1.0,1.0,738.0,184.5,360.385441807333,725.0,0.0,1,0,0,0,64,184,1966.56833824975,4916.42084562439,0,63,23.625,32.6055976789262,1063.125,0,1,0,0,1,0,0,0,2,27.0,63.0,0.0,64,0,0,0,0,0,0,2,126,5,0,252,524,1,32,0.0,0.0,0.0,0.0,0.0,0.0,0.0,0.0,BENIGN,91,SSL
80,192.168.72.43-10.200.7.7-56015-3128-6,192.168.72.43,56015,10.200.7.7,3128,6,26/04/201711:11:18,29463,7,0,994,0.0,488,0,142.0,236.37822798782997,0,0,0.0,0.0,33737.229745782795,237.58612497030202,4910.5,11479.0639121838,28335.0,0,29463.0,4910.5,11479.0639121838,28335.0,0.0,0.0,0.0,0.0,0.0,0.0,0,0,0,0,164,0,237.58612497030202,0.0,0,488,124.25,224.528553704359,50413.0714285714,0,0,0,1,0,0,0,0,0,142.0,142.0,0.0,164,0,0,0,0,0,0,7,994,0,0,8192,-1,5,20,0.0,0.0,0.0,0.0,0.0,0.0,0.0,0.0,BENIGN,131,HTTP_PROXY
81,179.1.4.210-10.200.7.217-443-51536-6,179.1.4.210,443,10.200.7.217,51536,6,26/04/201711:11:18,1041,2,5,126,0.0,63,63,63.0,0.0,0,0,0.0,0.0,121037.463976945,6724.30355427474,173.5,350.33112907647796,876.0,0,0.0,0.0,0.0,0.0,0.0,877.0,219.25,437.833587108161,876.0,0.0,1,0,0,0,64,184,1921.2295869356399,4803.0739673391,0,63,23.625,32.6055976789262,1063.125,0,1,0,0,1,0,0,0,2,27.0,63.0,0.0,64,0,0,0,0,0,0,2,126,5,0,252,1000,1,32,0.0,0.0,0.0,0.0,0.0,0.0,0.0,0.0,BENIGN,91,SSL
82,10.200.7.195-104.91.156.236-37461-80-6,10.200.7.195,37461,104.91.156.236,80,6,26/04/201711:11:18,37534,3,3,169,0.0,169,0,56.3333333333333,97.57219549304679,0,0,0.0,0.0,4502.58432354665,159.855064741301,7506.8,16290.5273456693,36647.0,1,476.0,238.0,335.168614282424,475.0,1.0,37274.0,18637.0,25469.9862583394,36647.0,627.0,0,0,0,0,104,104,79.9275323706506,79.9275323706506,0,169,24.142857142857103,63.8759959385594,4080.14285714286,0,0,0,1,0,0,0,0,1,28.1666666666667,56.3333333333333,0.0,104,0,0,0,0,0,0,3,169,3,0,14600,804,1,32,0.0,0.0,0.0,0.0,0.0,0.0,0.0,0.0,BENIGN,7,HTTP
83,192.168.42.31-10.200.7.5-52680-3128-6,192.168.42.31,52680,10.200.7.5,3128,6,26/04/201711:11:18,405528,7,33,669,17153.0,242,0,95.57142857142858,114.309313039748,2920,0,519.787878787879,991.380027965303,43947.643565918996,98.63683888658741,10398.1538461538,31214.3415676516,132145.0,0,405528.0,67588.0,57895.1976143099,137634.0,1654.0,350844.0,10963.875,33475.192306899,132145.0,0.0,0,0,0,0,152,720,17.2614468051528,81.3753920814346,0,2920,434.682926829268,905.014349030566,819050.971951219,0,0,0,1,0,0,0,0,4,445.55,95.57142857142858,519.787878787879,152,0,0,0,0,0,0,7,669,33,17153,8192,279,6,20,0.0,0.0,0.0,0.0,0.0,0.0,0.0,0.0,BENIGN,124,YOUTUBE
84,216.58.202.225-10.200.7.195-443-44858-6,10.200.7.195,44858,216.58.202.225,443,6,26/04/201711:11:18,346773,8,3,443,2799.0,242,0,55.375,103.11843052668002,2799,0,933.0,1616.00340346176,9349.055433958241,31.7210394119496,34677.3,53688.739080100495,131344.0,0,346773.0,49539.0,59265.609648429294,132341.0,0.0,138459.0,69229.5,96754.1279765365,137645.0,814.0,0,0,0,0,264,104,23.069846845054304,8.651192566895348,0,2799,270.16666666666697,800.9928876467039,641589.606060606,0,0,0,1,0,0,0,0,0,294.727272727273,55.375,933.0,264,0,0,0,0,0,0,8,443,3,2799,14600,340,2,32,0.0,0.0,0.0,0.0,0.0,0.0,0.0,0.0,BENIGN,124,YOUTUBE
85,192.168.42.31-10.200.7.5-52677-3128-6,192.168.42.31,52677,10.200.7.5,3128,6,26/04/201711:11:18,407686,7,30,669,11635.0,242,0,95.57142857142858,114.309313039748,4215,0,387.833333333333,977.832828365813,30180.0895787444,90.7561211324402,11324.6111111111,32320.8989870356,132918.0,0,407686.0,67947.6666666667,58165.7561445449,139821.0,2142.0,360994.0,12448.0689655172,35385.6122698104,132918.0,0.0,0,0,0,0,152,660,17.1700769710022,73.586044161438,0,4215,323.78947368421,876.100486581822,767552.062588905,0,0,0,1,0,0,0,0,4,332.540540540541,95.57142857142858,387.833333333333,152,0,0,0,0,0,0,7,669,30,11635,8192,279,6,20,0.0,0.0,0.0,0.0,0.0,0.0,0.0,0.0,BENIGN,124,YOUTUBE
86,192.168.42.31-10.200.7.5-52680-3128-6,10.200.7.5,3128,192.168.42.31,52680,6,26/04/201711:11:18,12,2,0,12,0.0,6,6,6.0,0.0,0,0,0.0,0.0,1000000.0,166666.666666667,12.0,0.0,12.0,12,12.0,12.0,0.0,12.0,12.0,0.0,0.0,0.0,0.0,0.0,0,0,0,0,40,0,166666.666666667,0.0,6,6,6.0,0.0,0.0,0,0,0,0,1,1,0,0,0,9.0,6.0,0.0,40,0,0,0,0,0,0,2,12,0,0,279,-1,1,20,0.0,0.0,0.0,0.0,0.0,0.0,0.0,0.0,BENIGN,7,HTTP
87,216.58.202.225-10.200.7.195-443-44857-6,216.58.202.225,443,10.200.7.195,44857,6,26/04/201711:11:18,216013,4,5,2836,443.0,1418,0,709.0,818.682681710889,242,0,88.6,122.18346860357201,15179.6419659928,41.6641591015356,27001.625,45858.0167191159,131925.0,39,138934.0,46311.3333333333,79346.2944902491,137932.0,228.0,215889.0,53972.25,55306.6433524641,132966.0,5883.0,0,0,0,0,136,160,18.5174040451269,23.1467550564086,0,1418,327.9,581.686141030252,338358.766666667,0,0,0,1,1,0,0,0,1,364.333333333333,709.0,88.6,136,0,0,0,0,0,0,4,2836,5,443,42408,364,2,32,0.0,0.0,0.0,0.0,0.0,0.0,0.0,0.0,BENIGN,124,YOUTUBE
88,192.168.42.31-10.200.7.5-52680-3128-6,10.200.7.5,3128,192.168.42.31,52680,6,26/04/201711:11:18,479,2,0,12,0.0,6,6,6.0,0.0,0,0,0.0,0.0,25052.1920668058,4175.36534446764,479.0,0.0,479.0,479,479.0,479.0,0.0,479.0,479.0,0.0,0.0,0.0,0.0,0.0,0,0,0,0,40,0,4175.36534446764,0.0,6,6,6.0,0.0,0.0,0,0,0,0,1,1,0,0,0,9.0,6.0,0.0,40,0,0,0,0,0,0,2,12,0,0,279,-1,1,20,0.0,0.0,0.0,0.0,0.0,0.0,0.0,0.0,BENIGN,7,HTTP
89,192.168.42.31-10.200.7.5-52677-3128-6,10.200.7.5,3128,192.168.42.31,52677,6,26/04/201711:11:18,47,2,0,12,0.0,6,6,6.0,0.0,0,0,0.0,0.0,255319.14893617,42553.1914893617,47.0,0.0,47.0,47,47.0,47.0,0.0,47.0,47.0,0.0,0.0,0.0,0.0,0.0,0,0,0,0,40,0,42553.1914893617,0.0,6,6,6.0,0.0,0.0,0,0,0,0,1,1,0,0,0,9.0,6.0,0.0,40,0,0,0,0,0,0,2,12,0,0,279,-1,1,20,0.0,0.0,0.0,0.0,0.0,0.0,0.0,0.0,BENIGN,7,HTTP
90,192.168.42.31-10.200.7.5-52677-3128-6,10.200.7.5,3128,192.168.42.31,52677,6,26/04/201711:11:18,97,2,0,12,0.0,6,6,6.0,0.0,0,0,0.0,0.0,123711.340206186,20618.556701030902,97.0,0.0,97.0,97,97.0,97.0,0.0,97.0,97.0,0.0,0.0,0.0,0.0,0.0,0,0,0,0,40,0,20618.556701030902,0.0,6,6,6.0,0.0,0.0,0,0,0,0,1,1,0,0,0,9.0,6.0,0.0,40,0,0,0,0,0,0,2,12,0,0,279,-1,1,20,0.0,0.0,0.0,0.0,0.0,0.0,0.0,0.0,BENIGN,7,HTTP
91,192.168.42.31-10.200.7.5-52681-3128-6,192.168.42.31,52681,10.200.7.5,3128,6,26/04/201711:11:18,407276,7,33,669,12930.0,242,0,95.57142857142858,114.309313039748,2836,0,391.818181818182,723.267475356863,33390.1334721417,98.2134964986888,10442.9743589744,31305.201085011602,133755.0,0,407276.0,67879.3333333333,59120.294812075,143106.0,1139.0,366597.0,11456.15625,34201.1157487394,133755.0,0.0,0,0,0,0,152,720,17.1873618872705,81.0261346114183,0,2836,331.682926829268,660.259359608949,435942.42195122,0,0,0,1,0,0,0,0,4,339.975,95.57142857142858,391.818181818182,152,0,0,0,0,0,0,7,669,33,12930,8192,279,6,20,0.0,0.0,0.0,0.0,0.0,0.0,0.0,0.0,BENIGN,124,YOUTUBE
92,216.58.202.225-10.200.7.195-443-44859-6,10.200.7.195,44859,216.58.202.225,443,6,26/04/201711:11:18,348841,8,4,443,4215.0,242,0,55.375,103.11843052668002,2836,0,1053.75,1354.3732560364099,13352.7882330345,34.399626190728696,31712.8181818182,52342.3968859245,133284.0,0,348841.0,49834.4285714286,59589.24500516611,133562.0,0.0,138027.0,46009.0,79125.287664564,137375.0,285.0,0,0,0,0,264,136,22.9330841271525,11.4665420635762,0,2836,358.30769230769204,835.389368759202,697875.397435897,0,0,0,1,0,0,0,0,0,388.166666666667,55.375,1053.75,264,0,0,0,0,0,0,8,443,4,4215,14600,340,2,32,0.0,0.0,0.0,0.0,0.0,0.0,0.0,0.0,BENIGN,124,YOUTUBE
93,192.168.42.31-10.200.7.5-52681-3128-6,10.200.7.5,3128,192.168.42.31,52681,6,26/04/201711:11:18,16,2,0,12,0.0,6,6,6.0,0.0,0,0,0.0,0.0,750000.0,125000.0,16.0,0.0,16.0,16,16.0,16.0,0.0,16.0,16.0,0.0,0.0,0.0,0.0,0.0,0,0,0,0,40,0,125000.0,0.0,6,6,6.0,0.0,0.0,0,0,0,0,1,1,0,0,0,9.0,6.0,0.0,40,0,0,0,0,0,0,2,12,0,0,279,-1,1,20,0.0,0.0,0.0,0.0,0.0,0.0,0.0,0.0,BENIGN,7,HTTP
94,192.168.42.31-10.200.7.5-52681-3128-6,10.200.7.5,3128,192.168.42.31,52681,6,26/04/201711:11:18,44,2,0,12,0.0,6,6,6.0,0.0,0,0,0.0,0.0,272727.272727273,45454.5454545455,44.0,0.0,44.0,44,44.0,44.0,0.0,44.0,44.0,0.0,0.0,0.0,0.0,0.0,0,0,0,0,40,0,45454.5454545455,0.0,6,6,6.0,0.0,0.0,0,0,0,0,1,1,0,0,0,9.0,6.0,0.0,40,0,0,0,0,0,0,2,12,0,0,279,-1,1,20,0.0,0.0,0.0,0.0,0.0,0.0,0.0,0.0,BENIGN,7,HTTP
95,192.168.42.31-10.200.7.5-52678-3128-6,192.168.42.31,52678,10.200.7.5,3128,6,26/04/201711:11:18,409589,7,30,669,8761.0,242,0,95.57142857142858,114.309313039748,2799,0,292.033333333333,678.509699741778,23023.079233084904,90.334457224193,11377.472222222199,32772.4494672724,135771.0,0,409589.0,68264.8333333333,60824.4867283454,147370.0,1628.0,376682.0,12989.034482758601,36394.0935528622,135771.0,0.0,0,0,0,0,152,660,17.090302718090598,73.2441545061025,0,2799,248.157894736842,608.755910180124,370583.758179232,0,0,0,1,0,0,0,0,4,254.86486486486498,95.57142857142858,292.033333333333,152,0,0,0,0,0,0,7,669,30,8761,8192,279,6,20,0.0,0.0,0.0,0.0,0.0,0.0,0.0,0.0,BENIGN,124,YOUTUBE
96,216.58.202.225-10.200.7.195-443-44855-6,10.200.7.195,44855,216.58.202.225,443,6,26/04/201711:11:18,350822,7,3,443,1418.0,242,0,63.28571428571429,108.727050123561,1418,0,472.666666666667,818.682681710889,5304.68442686034,28.5044837552947,38980.222222222204,56792.466456339505,135347.0,130,350822.0,58470.3333333333,61841.0060515405,135636.0,319.0,139583.0,69791.5,98475.2258819445,139424.0,159.0,0,0,0,0,232,104,19.9531386287063,8.55134512658841,0,1418,169.18181818181802,423.655713565111,179484.16363636398,0,0,0,1,0,0,0,0,0,186.1,63.28571428571429,472.666666666667,232,0,0,0,0,0,0,7,443,3,1418,14600,340,2,32,0.0,0.0,0.0,0.0,0.0,0.0,0.0,0.0,BENIGN,124,YOUTUBE
97,192.168.42.31-10.200.7.5-52678-3128-6,10.200.7.5,3128,192.168.42.31,52678,6,26/04/201711:11:18,20,2,0,12,0.0,6,6,6.0,0.0,0,0,0.0,0.0,600000.0,100000.0,20.0,0.0,20.0,20,20.0,20.0,0.0,20.0,20.0,0.0,0.0,0.0,0.0,0.0,0,0,0,0,40,0,100000.0,0.0,6,6,6.0,0.0,0.0,0,0,0,0,1,1,0,0,0,9.0,6.0,0.0,40,0,0,0,0,0,0,2,12,0,0,279,-1,1,20,0.0,0.0,0.0,0.0,0.0,0.0,0.0,0.0,BENIGN,7,HTTP
98,192.168.42.31-10.200.7.5-52678-3128-6,10.200.7.5,3128,192.168.42.31,52678,6,26/04/201711:11:18,28,2,0,12,0.0,6,6,6.0,0.0,0,0,0.0,0.0,428571.428571429,71428.57142857139,28.0,0.0,28.0,28,28.0,28.0,0.0,28.0,28.0,0.0,0.0,0.0,0.0,0.0,0,0,0,0,40,0,71428.57142857139,0.0,6,6,6.0,0.0,0.0,0,0,0,0,1,1,0,0,0,9.0,6.0,0.0,40,0,0,0,0,0,0,2,12,0,0,279,-1,1,20,0.0,0.0,0.0,0.0,0.0,0.0,0.0,0.0,BENIGN,7,HTTP
99,10.200.7.195-104.91.156.236-37465-80-6,10.200.7.195,37465,104.91.156.236,80,6,26/04/201711:11:18,41700,3,3,169,0.0,169,0,56.3333333333333,97.57219549304679,0,0,0.0,0.0,4052.7577937649894,143.884892086331,8340.0,18299.6076870517,41075.0,31,367.0,183.5,215.667568261897,336.0,31.0,41510.0,20755.0,28736.819587421298,41075.0,435.0,0,0,0,0,104,104,71.9424460431655,71.9424460431655,0,169,24.142857142857103,63.8759959385594,4080.14285714286,0,0,0,1,0,0,0,0,1,28.1666666666667,56.3333333333333,0.0,104,0,0,0,0,0,0,3,169,3,0,14600,804,1,32,0.0,0.0,0.0,0.0,0.0,0.0,0.0,0.0,BENIGN,7,HTTP
100,157.240.0.22-10.200.7.217-443-53809-6,10.200.7.217,53809,157.240.0.22,443,6,26/04/201711:11:18,1,2,0,0,0.0,0,0,0.0,0.0,0,0,0.0,0.0,0.0,2000000.0,1.0,0.0,1.0,1,1.0,1.0,0.0,1.0,1.0,0.0,0.0,0.0,0.0,0.0,0,0,0,0,64,0,2000000.0,0.0,0,0,0.0,0.0,0.0,0,0,0,0,1,1,0,0,0,0.0,0.0,0.0,64,0,0,0,0,0,0,2,0,0,0,457,-1,0,32,0.0,0.0,0.0,0.0,0.0,0.0,0.0,0.0,BENIGN,119,FACEBOOK